{"schemaVersion":"1.0","appDefinitionTemplate":{"id":"/providers/Microsoft.PowerApps/apps/","type":"Microsoft.PowerApps/apps","tags":{"primaryDeviceWidth":"640","primaryDeviceHeight":"1136","sienaVersion":"20220313T191209Z-3.22021.27.0","deviceCapabilities":"","supportsPortrait":"true","supportsLandscape":"false","primaryFormFactor":"Phone","publisherVersion":"3.22021.27","minimumRequiredApiVersion":"2.2.0","hasComponent":"false","hasUnlockedComponent":"false","isUnifiedRootApp":"false"},"properties":{"appVersion":"2022-03-13T19:12:09Z","lifeCycleId":"Published","createdByClientVersion":{"major":3,"minor":22021,"build":27,"revision":0,"majorRevision":0,"minorRevision":0},"minClientVersion":{"major":3,"minor":22021,"build":27,"revision":0,"majorRevision":0,"minorRevision":0},"backgroundColor":"rgba(37, 62, 143, 1)","backgroundImageUri":"/2240298829988625595/N0169efbc-9210-4e4d-927d-ccf396f10178-logoSmallFile","displayName":"PTContactList","description":"Connect with coworkers fast- do a simple search to find someone's job title, contact information, direct reports, and manager.","commitMessage":"","appUris":{"documentUri":{"value":"/2240298829988625595/Ne77d3639-a7b6-4b3a-a5f5-360193561b5b-document.msapp"},"imageUris":[],"additionalUris":[]},"createdTime":"0001-01-01T00:00:00Z","lastModifiedTime":"0001-01-01T00:00:00Z","sharedGroupsCount":0,"sharedUsersCount":0,"icons":{"smallIconUri":"/2240298829988625595/N5fe24634-db49-44a8-aeca-10d439d7d2ff-small.png","mediumIconUri":"/2240298829988625595/N48fbe01d-cd5d-4a89-85e6-ec61e5840be8-medium.png","largeIconUri":"/2240298829988625595/N7ee244f8-24df-4ce8-92ea-6c96a0a4d0db-large.png","wideIconUri":"/2240298829988625595/Nf19c4dbe-5026-4efb-9ad5-8db76e711515-wide.png"},"connectionReferences":{"672e0718-7bc1-2a7b-d9e2-1589b318c0f5":{"id":"02a37076-6cf5-4ca2-bdd8-1e3737e7f01e","displayName":"Utilizadores do Office 365","iconUri":"https://connectoricons-prod.azureedge.net/releases/v1.0.1551/1.0.1551.2693/office365users/icon.png","dataSources":["Office365Users"],"dependencies":[],"dependents":[],"parameterHints":{},"parameterHintsV2":{},"isOnPremiseConnection":false,"bypassConsent":false,"dataSets":{},"apiTier":"Standard","isCustomApiConnection":false,"actions":["MyProfile","Manager","DirectReports","SearchUser"]},"1d8d989a-c553-4120-bf18-e140ff2afb47":{"id":"da6b10e7-e1df-4490-85d3-7377ce1c3dea","displayName":"SharePoint","iconUri":"https://connectoricons-prod.azureedge.net/releases/v1.0.1554/1.0.1554.2707/sharepointonline/icon.png","dataSources":["ContactList"],"dependencies":[],"dependents":[],"parameterHints":{},"parameterHintsV2":{},"isOnPremiseConnection":false,"bypassConsent":false,"dataSets":{"https://primetals.sharepoint.com/sites/PTBRA_IDT":{"dataSources":{"ContactList":{"tableName":"7f8b734c-55c3-42ad-8bf2-9271158ac4fe"}}}},"apiTier":"Standard","isCustomApiConnection":false,"actions":["providers/PowerPlatform.Governance/Operations/Read"]}},"databaseReferences":{},"almMode":"Environment","performanceOptimizationEnabled":true,"canConsumeAppPass":true,"executionRestrictions":{"isTeamsOnly":false,"dataLossPreventionEvaluationResult":{"status":"NonCompliant","lastEvaluationDate":"2022-10-06T12:20:33.4158304Z","violations":[{"policyId":"93b82c99-bcd1-43e2-9ad5-330a5c557bd9","policyDisplayName":"Personal(Default)","type":"BusinessAndNonBusinessConnector","parameters":["/providers/microsoft.powerapps/apis/shared_sharepointonline","/providers/microsoft.powerapps/apis/shared_office365users"]}],"violationsByPolicy":[{"policyRef":{"policyId":"93b82c99-bcd1-43e2-9ad5-330a5c557bd9","policyDisplayName":"Personal(Default)"},"violations":[{"policyId":"93b82c99-bcd1-43e2-9ad5-330a5c557bd9","policyDisplayName":"Personal(Default)","type":"BusinessAndNonBusinessConnector","parameters":["/providers/microsoft.powerapps/apis/shared_sharepointonline","/providers/microsoft.powerapps/apis/shared_office365users"]}]}],"additionalInfo":{},"violationErrorMessage":"The app uses the following connectors: shared_office365users, shared_sharepointonline."}}},"appType":"ClassicCanvasApp","appComponents":[]}}